title,year_of_release,film_genre,runtime,country_of_origin,city_1,country_1,fulladdress_1,Latitude_1,Longitude_1,city_2,country_2,fulladdress_2,Latitude_2,Longitude_2,city_3,country_3,fulladdress_3,Latitude_3,Longitude_3,city_4,country_4,fulladdress_4,Latitude_4,Longitude_4,city_5,country_5,fulladdress_5,Latitude_5,Longitude_5,poster_url
After We Fell,2021.0,"Drama, Romance",99.0,United States,Sofia,Bulgaria,Sofia Bulgaria,42.6977082,23.3218675,,, ,,,,, ,,,,, ,,,,, ,,,https://image.tmdb.org/t/p/w500/dU4HfnTEJDf9KvxGS9hgO7BVeju.jpg
Hamnet,2025.0,"Drama, Romance, History",125.0,United States,Herefordshire,United Kingdom,Herefordshire United Kingdom,52.0765164,-2.6544182,Gloucestershire,United Kingdom,Gloucestershire United Kingdom,51.746774,-2.2257856,Hertfordshire,United Kingdom,Hertfordshire United Kingdom,51.8097823,-0.2376744,London,United Kingdom,London United Kingdom,51.5072178,-0.1275862,,, ,,,https://image.tmdb.org/t/p/w500/vbeyOZm2bvBXcbgPD3v6o94epPX.jpg
The Twilight Saga: Breaking Dawn - Part 1,2011.0,"Adventure, Fantasy, Romance",117.0,United States,Squamish,Canada,Squamish Canada,49.7016339,-123.1558121,Ucluelet,Canada,Ucluelet Canada,48.9415997,-125.5463445,Paraty,Brazil,Paraty Brazil,-23.2200406,-44.7204077,Rio de Janeiro,Brazil,Rio de Janeiro Brazil,-22.9068467,-43.1728965,St. Thomas,US Virgin Islands,St. Thomas US Virgin Islands,18.3380965,-64.8940946,https://image.tmdb.org/t/p/w500/qs8LsHKYlVRmJbFUiSUhhRAygwj.jpg
Our Fault,2025.0,"Romance, Drama",110.0,United States,Málaga,Spain,Málaga Spain,36.7178196,-4.425557,,, ,,,,, ,,,,, ,,,,, ,,,https://image.tmdb.org/t/p/w500/yzqHt4m1SeY9FbPrfZ0C2Hi9x1s.jpg
Your Fault,2024.0,"Drama, Romance",117.0,United States,Madrid,Spain,Madrid Spain,40.4167279,-3.7032905,Marbella,Spain,Marbella Spain,36.5102831,-4.8852579,,, ,,,,, ,,,,, ,,,https://image.tmdb.org/t/p/w500/1sQA7lfcF9yUyoLYC0e6Zo3jmxE.jpg
Closer,2004.0,"Drama, Romance",104.0,United States,London,United Kingdom,London United Kingdom,51.5072178,-0.1275862,,, ,,,,, ,,,,, ,,,,, ,,,https://image.tmdb.org/t/p/w500/fGGaokx4k00S0J603VG53Qlr9jz.jpg
After,2019.0,"Drama, Romance",106.0,United States,Vancouver,Canada,Vancouver Canada,49.2827291,-123.1207375,Victoria,Canada,Victoria Canada,48.4284207,-123.3656444,North Vancouver,Canada,North Vancouver Canada,49.3199816,-123.0724139,,, ,,,,, ,,,https://image.tmdb.org/t/p/w500/u3B2YKUjWABcxXZ6Nm9h10hLUbh.jpg
Me Before You,2016.0,"Drama, Romance",110.0,United States,Pembroke,United Kingdom,Pembroke United Kingdom,51.6762456,-4.91837,London,United Kingdom,London United Kingdom,51.5072178,-0.1275862,Majorca,Spain,Majorca Spain,39.6952629,3.0175712,Paris,France,Paris France,48.8575475,2.3513765,,, ,,,https://image.tmdb.org/t/p/w500/Ia3dzj5LnCj1ZBdlVeJrbKJQxG.jpg
Anyone But You,2023.0,"Romance, Comedy",103.0,United States,Sydney,Australia,Sydney Australia,-33.8622503,151.207684,New South Wales, Australia,New South Wales  Australia,-31.2532183,146.921099,,, ,,,,, ,,,,, ,,,https://image.tmdb.org/t/p/w500/5qHoazZiaLe7oFBok7XlUhg96f2.jpg
9 Songs,2004.0,"Drama, Music, Romance",70.0,United States,London,United Kingdom,London United Kingdom,51.5072178,-0.1275862,,Norway, Norway,60.472024,8.468946,,, ,,,,, ,,,,, ,,,https://image.tmdb.org/t/p/w500/91O7z0vo7MiNWd5xD2BoivwbQsb.jpg
Fifty Shades Freed,2018.0,"Drama, Romance",105.0,United States,Saint-Jean-Cap-Ferrat,France,Saint-Jean-Cap-Ferrat France,43.68953,7.332984,,, ,,,,, ,,,,, ,,,,, ,,,https://image.tmdb.org/t/p/w500/jjPJ4s3DWZZvI4vw8Xfi4Vqa1Q8.jpg
Elizabeth: The Golden Age,2007.0,"Drama, History, Romance",114.0,United States,London,United Kingdom,London United Kingdom,51.5072178,-0.1275862,Cambridgeshire,United Kingdom,Cambridgeshire United Kingdom,52.2761928,-0.0965375,,, ,,,,, ,,,,, ,,,https://image.tmdb.org/t/p/w500/oBQ64TyPEINgVpwKWriv3QsIDJb.jpg
Beauty and the Beast,2017.0,"Family, Fantasy, Romance",129.0,United States,Surrey,United Kingdom,Surrey United Kingdom,51.2622513,-0.4672517,Buckinghamshire,United Kingdom,Buckinghamshire United Kingdom,51.8072204,-0.8127664,,, ,,,,, ,,,,, ,,,https://image.tmdb.org/t/p/w500/hKegSKIDep2ewJWPUQD7u0KqFIp.jpg
The Twilight Saga: New Moon,2009.0,"Adventure, Fantasy, Drama, Romance",131.0,United States,British Columbia,Canada,British Columbia Canada,53.7266683,-127.6476206,,, ,,,,, ,,,,, ,,,,, ,,,https://image.tmdb.org/t/p/w500/k2qTooPlHffgNABNWxeJdGMglPK.jpg
Poor Things,2023.0,"Science Fiction, Romance, Comedy",141.0,United States,Budapest,Hungary,Budapest Hungary,47.497912,19.040235,Lisbon,Portugal,Lisbon Portugal,38.7222524,-9.1393366,,, ,,,,, ,,,,, ,,,https://image.tmdb.org/t/p/w500/kCGlIMHnOm8JPXq3rXM6c5wMxcT.jpg
The Idea of You,2024.0,"Music, Comedy, Romance, Drama",116.0,United States,Paris,France,Paris France,48.8575475,2.3513765,Cannes,France,Cannes France,43.5539499,7.0170217,,, ,,,,, ,,,,, ,,,https://image.tmdb.org/t/p/w500/Y5P4Q3q8nrruZ9aD3wXeJS2Plg.jpg
Call Me by Your Name,2017.0,"Romance, Drama",132.0,United States,Lombardy,Italy,Lombardy Italy,45.4790671,9.8452433,Crema,Italy,Crema Italy,45.3643538,9.682427,,, ,,,,, ,,,,, ,,,https://image.tmdb.org/t/p/w500/mZ4gBdfkhP9tvLH1DO4m4HYtiyi.jpg
Mamma Mia!,2008.0,"Comedy, Romance",108.0,United States,Skiathos,Greece,Skiathos Greece,39.16352,23.4901667,Skopelos,Greece,Skopelos Greece,39.1251493,23.6799766,Damouchari,Greece,Damouchari Greece,39.4048948,23.177707,,, ,,,,, ,,,https://image.tmdb.org/t/p/w500/zdUA4FNHbXPadzVOJiU0Rgn6cHR.jpg
"You, Me & Tuscany",2026.0,"Romance, Comedy",105.0,United States,Tuscany,Italy,Tuscany Italy,43.5671153,10.9807003,,, ,,,,, ,,,,, ,,,,, ,,,https://image.tmdb.org/t/p/w500/mJS0IF7Af3WpPRhSTDT6rGpiLzw.jpg
Stardust,2007.0,"Adventure, Fantasy, Romance, Family",127.0,United States,,Iceland, Iceland,64.963051,-19.020835,,Scotland, Scotland,57.74701277,-4.687305781,,United Kingdom, United Kingdom,55.378051,-3.435973,,, ,,,,, ,,,https://image.tmdb.org/t/p/w500/7zbFmxy3DqKYL2M8Hop6uylp2Uy.jpg
Napoleon,2023.0,"History, War, Romance",158.0,United States,,Malta, Malta,35.937496,14.375416,,France, France,46.227638,2.213749,,Russia, Russia,61.52401,105.318756,,, ,,,,, ,,,https://image.tmdb.org/t/p/w500/ytFOXyghxLzAM4KZyazDdEkM66q.jpg
The Holiday,2006.0,"Comedy, Romance",136.0,United States,Surrey,United Kingdom,Surrey United Kingdom,51.2622513,-0.4672517,,, ,,,,, ,,,,, ,,,,, ,,,https://image.tmdb.org/t/p/w500/n26GUumac5MrzpJiv0DPI7MMIUJ.jpg
Virgin Territory,2007.0,"Adventure, Action, Comedy, Romance",93.0,United States,Tuscany,Italy,Tuscany Italy,43.5671153,10.9807003,Rome,Italy,Rome Italy,41.8967068,12.4822025,,, ,,,,, ,,,,, ,,,https://image.tmdb.org/t/p/w500/zofWP7ZKhoVTh2VUltaDo4LRQXc.jpg
A Knight's Tale,2001.0,"Adventure, Drama, Romance, Action",133.0,United States,,Czech Republic, Czech Republic,49.817492,15.472962,,, ,,,,, ,,,,, ,,,,, ,,,https://image.tmdb.org/t/p/w500/srb1XnrlDZHcdpjBKqUu4qAzxKU.jpg
"Red, White & Royal Blue",2023.0,"Comedy, Romance",118.0,United States,London,United Kingdom,London United Kingdom,51.5072178,-0.1275862,Oxfordshire,United Kingdom,Oxfordshire United Kingdom,51.7612056,-1.2464674,,, ,,,,, ,,,,, ,,,https://image.tmdb.org/t/p/w500/ta3ReqbdEcLJM3mcHMzbYFZI8v7.jpg
Upgraded,2024.0,"Romance, Comedy",105.0,United States,London,United Kingdom,London United Kingdom,51.5072178,-0.1275862,New York,United States,New York United States,40.7127753,-74.0059728,,, ,,,,, ,,,,, ,,,https://image.tmdb.org/t/p/w500/uhOXS17gRpTwA85WsZLlYFK3rz0.jpg
The Reader,2008.0,"Drama, Romance",124.0,United States,Berlin,Germany,Berlin Germany,52.5200066,13.404954,Cologne,Germany,Cologne Germany,50.937531,6.9602786,,, ,,,,, ,,,,, ,,,https://image.tmdb.org/t/p/w500/r0WURbmnhgKeBpHcpDULBgRedQM.jpg
Allied,2016.0,"Action, Drama, War, Romance, Thriller",124.0,United States,London,United Kingdom,London United Kingdom,51.5072178,-0.1275862,,Spain, Spain,40.463667,-3.74922,,, ,,,,, ,,,,, ,,,https://image.tmdb.org/t/p/w500/sV4lXM32quwminL3TP36nlNPp7Q.jpg
The Fault in Our Stars,2014.0,"Romance, Drama",126.0,United States,Amsterdam,Netherlands,Amsterdam Netherlands,52.3675734,4.9041389,,, ,,,,, ,,,,, ,,,,, ,,,https://image.tmdb.org/t/p/w500/kcVuktIlrn9SAN1uBmPDnocTQmF.jpg
Mamma Mia! Here We Go Again,2018.0,"Comedy, Romance",114.0,United States,,Croatia, Croatia,45.1,15.2,,Greece, Greece,39.074208,21.824312,,, ,,,,, ,,,,, ,,,https://image.tmdb.org/t/p/w500/aWicerX4Y7n7tUwRAVHsVcBBpj2.jpg
After Ever Happy,2022.0,"Romance, Drama",95.0,United States,Sofia,Bulgaria,Sofia Bulgaria,42.6977082,23.3218675,,, ,,,,, ,,,,, ,,,,, ,,,https://image.tmdb.org/t/p/w500/moogpu8rNkEjTgFyLXwhPghft5w.jpg
Wild Child,2008.0,"Comedy, Drama, Romance",98.0,United States,Berkshire,United Kingdom,Berkshire United Kingdom,51.4669939,-1.1853677,Surrey,United Kingdom,Surrey United Kingdom,51.2622513,-0.4672517,,, ,,,,, ,,,,, ,,,https://image.tmdb.org/t/p/w500/xwbFEPubG4wroLDZdmTWRGNnnWf.jpg
One Day,2011.0,"Drama, Romance",107.0,United States,Edinburgh,United Kingdom,Edinburgh United Kingdom,55.953252,-3.188267,London,United Kingdom,London United Kingdom,51.5072178,-0.1275862,Paris,France,Paris France,48.8575475,2.3513765,,, ,,,,, ,,,https://image.tmdb.org/t/p/w500/n9jMwSg4IavdD8wqdYnyW5w3Mvp.jpg
Eat Pray Love,2010.0,"Drama, Romance",133.0,United States,Rome,Italy,Rome Italy,41.8967068,12.4822025,Bali,Indonesia,Bali Indonesia,-8.4095178,115.188916,,, ,,,,, ,,,,, ,,,https://image.tmdb.org/t/p/w500/gjR5zUeMGV6UNqtI0OuzqrLQcjU.jpg
The Tourist,2010.0,"Action, Thriller, Romance",103.0,United States,Venice,Italy,Venice Italy,45.440379,12.3159547,Paris,France,Paris France,48.8575475,2.3513765,,, ,,,,, ,,,,, ,,,https://image.tmdb.org/t/p/w500/oXe1nw4HcS32YVpvxwsWEVdvEXA.jpg
Phantom Thread,2017.0,"Drama, Romance",130.0,United States,London,United Kingdom,London United Kingdom,51.5072178,-0.1275862,Wiltshire,United Kingdom,Wiltshire United Kingdom,51.2462714,-1.9922127,,, ,,,,, ,,,,, ,,,https://image.tmdb.org/t/p/w500/hgoWjp9Sh0MI97eAMZCnIoVfgvq.jpg
Yesterday,2019.0,"Comedy, Fantasy, Music, Romance",116.0,United States,London,United Kingdom,London United Kingdom,51.5072178,-0.1275862,Liverpool,United Kingdom,Liverpool United Kingdom,53.4083714,-2.9915726,,, ,,,,, ,,,,, ,,,https://image.tmdb.org/t/p/w500/9fYka5CQt9nrb6LOtKicysUf9NA.jpg
Chocolat,2000.0,"Comedy, Drama, Romance",121.0,United States,Flavigny-sur-Ozerain,France,Flavigny-sur-Ozerain France,47.5108589,4.5289426,Bordeaux,France,Bordeaux France,44.8416106,-0.5810938,,, ,,,,, ,,,,, ,,,https://image.tmdb.org/t/p/w500/lnwPvyj8UR7MetG2pQ92453IIoR.jpg
Before Sunset,2004.0,"Drama, Romance",80.0,United States,Paris,France,Paris France,48.8575475,2.3513765,,, ,,,,, ,,,,, ,,,,, ,,,https://image.tmdb.org/t/p/w500/4sW5XH9ZfYXpvFzev00S1IGAEbg.jpg
Lady Chatterley's Lover,2022.0,"Drama, Romance",126.0,United States,,Belgium, Belgium,50.503887,4.469936,England,United Kingdom,England United Kingdom,52.83816401,-2.327480844,,, ,,,,, ,,,,, ,,,https://image.tmdb.org/t/p/w500/aSgl2DxPG3DuQXoaHr500KeULmT.jpg
The Illusionist,2006.0,"Fantasy, Drama, Thriller, Romance",110.0,United States,Prague,Czech Republic,Prague Czech Republic,50.0755381,14.4378005,,, ,,,,, ,,,,, ,,,,, ,,,https://image.tmdb.org/t/p/w500/1O9jUvqkHaGBMVRyOJz1AlkmALW.jpg
Moulin Rouge!,2001.0,"Drama, Romance, Music",128.0,United States,Paris ,France,Paris  France,48.8575475,2.3513765,Sydney,Australia,Sydney Australia,-33.8622503,151.207684,,, ,,,,, ,,,,, ,,,https://image.tmdb.org/t/p/w500/2kjM5CUZRIU5yOANUowrbJcRL9L.jpg
Midnight in Paris,2011.0,"Fantasy, Comedy, Romance",94.0,United States,Paris ,France,Paris  France,48.8575475,2.3513765,,, ,,,,, ,,,,, ,,,,, ,,,https://image.tmdb.org/t/p/w500/4wBG5kbfagTQclETblPRRGihk0I.jpg
Leap Year,2010.0,"Romance, Comedy",100.0,United States,County Clare,Ireland,County Clare Ireland,52.904532,-8.9811351,County Galway,Ireland,County Galway Ireland,53.3564509,-8.8534113,,, ,,,,, ,,,,, ,,,https://image.tmdb.org/t/p/w500/i86hMi5iEF3WnYLCaGHdT5FPdYg.jpg
The Promise,2016.0,"History, Romance, Drama",133.0,United States,Cappadocia,Turkey,Cappadocia Turkey,38.6586639,34.8531604,,Malta, Malta,35.937496,14.375416,,, ,,,,, ,,,,, ,,,https://image.tmdb.org/t/p/w500/iDWer2VFikupdqDc7d5sxCWZ3gW.jpg
Queer,2024.0,"Drama, Romance",138.0,United States,Rome,Italy,Rome Italy,41.8967068,12.4822025,Naples,Italy,Naples Italy,40.8517983,14.26812,,, ,,,,, ,,,,, ,,,https://image.tmdb.org/t/p/w500/xe4b2TMciLKA1C0JlhWxb4ENLln.jpg
Book Club: The Next Chapter,2023.0,"Comedy, Romance",108.0,United States,Rome,Italy,Rome Italy,41.8967068,12.4822025,Venice,Italy,Venice Italy,45.440379,12.3159547,,, ,,,,, ,,,,, ,,,https://image.tmdb.org/t/p/w500/lXoeOcWWhPpLH1wzTIhOx8jydBo.jpg
P.S. I Love You,2007.0,"Drama, Romance",126.0,United States,County Wicklow,Ireland,County Wicklow Ireland,52.9862313,-6.3672543,,, ,,,,, ,,,,, ,,,,, ,,,https://image.tmdb.org/t/p/w500/x6M9nlTpgpI4AOw0tMkOAVbhL5z.jpg
Match Point,2005.0,"Drama, Romance, Thriller",124.0,United States,London,United Kingdom,London United Kingdom,51.5072178,-0.1275862,,, ,,,,, ,,,,, ,,,,, ,,,https://image.tmdb.org/t/p/w500/vHjEVTD8ucuwKSFOZJeyAnTZYli.jpg
Role Play,2023.0,"Action, Comedy, Romance",101.0,United States,London,United Kingdom,London United Kingdom,51.5072178,-0.1275862,,, ,,,,, ,,,,, ,,,,, ,,,https://image.tmdb.org/t/p/w500/7MhXiTmTl16LwXNPbWCmqxj7UxH.jpg
All of Us Strangers,2023.0,"Romance, Drama, Fantasy",105.0,United States,London,United Kingdom,London United Kingdom,51.5072178,-0.1275862,,, ,,,,, ,,,,, ,,,,, ,,,https://image.tmdb.org/t/p/w500/aviJMFZSnnCAsCVyJGaPNx4Ef3i.jpg
A Good Year,2006.0,"Comedy, Drama, Romance",117.0,United States,Provence,France,Provence France,44.0144936,6.2116438,London,United Kingdom,London United Kingdom,51.5072178,-0.1275862,,, ,,,,, ,,,,, ,,,https://image.tmdb.org/t/p/w500/10ErazhJxfL68rWg2KLfwiRuIou.jpg
Under the Tuscan Sun,2003.0,"Romance, Comedy",113.0,United States,Tuscanly,Italy,Tuscanly Italy,43.5671153,10.9807003,,, ,,,,, ,,,,, ,,,,, ,,,https://image.tmdb.org/t/p/w500/3vQUQwdtfPt1Sl2GZrIECWWA0dk.jpg
What a Girl Wants,2003.0,"Comedy, Romance, Drama, Family",105.0,United States,London,United Kingdom,London United Kingdom,51.5072178,-0.1275862,,, ,,,,, ,,,,, ,,,,, ,,,https://image.tmdb.org/t/p/w500/gGpMruX59KWNuAXgHpiAm8hiChw.jpg
Vicky Cristina Barcelona,2008.0,"Drama, Romance",96.0,United States,Barcelona,Spain,Barcelona Spain,41.3874374,2.1686496,,, ,,,,, ,,,,, ,,,,, ,,,https://image.tmdb.org/t/p/w500/ekAIg0GSbbHTH7y1GPgWj0brLTW.jpg
Long Shot,2019.0,"Comedy, Romance",125.0,United States,Montreal,Canada,Montreal Canada,45.5018869,-73.5673919,,, ,,,,, ,,,,, ,,,,, ,,,https://image.tmdb.org/t/p/w500/1F9AItQ6fhrfhBVQlmC8ReOQAFG.jpg
Swung,2015.0,"Romance, Drama",87.0,United States,Glasgow,United Kingdom,Glasgow United Kingdom,55.8616704,-4.2583345,,, ,,,,, ,,,,, ,,,,, ,,,https://image.tmdb.org/t/p/w500/wRjm5zztXRUYhXEl3FQKbIbgtMC.jpg
If Only,2004.0,"Drama, Romance, Fantasy",92.0,United States,London,United Kingdom,London United Kingdom,51.5072178,-0.1275862,,, ,,,,, ,,,,, ,,,,, ,,,https://image.tmdb.org/t/p/w500/m55qCh44VzrDhWSINr1MdB7RtAb.jpg
The Other Boleyn Girl,2008.0,"Drama, Romance, History",115.0,United States,England,United Kingdom,England United Kingdom,52.83816401,-2.327480844,,, ,,,,, ,,,,, ,,,,, ,,,https://image.tmdb.org/t/p/w500/q2lgC8mmAltWTkbqPM8n5EYF4XL.jpg
Crimson Peak,2015.0,"Horror, Mystery, Romance, Drama",119.0,United States,Toronto,Canada,Toronto Canada,43.6548253,-79.388447,Ontario,Canada,Ontario Canada,51.253775,-85.3232139,,, ,,,,, ,,,,, ,,,https://image.tmdb.org/t/p/w500/f9TOb5anVwZeSbYjU1qNxPk3KUk.jpg
My Oxford Year,2025.0,"Romance, Comedy, Drama",113.0,United States,Oxford,United Kingdom,Oxford United Kingdom,51.7520209,-1.2577263,,, ,,,,, ,,,,, ,,,,, ,,,https://image.tmdb.org/t/p/w500/jrhXbIOFingzdLjkccjg9vZnqIp.jpg
In Secret,2014.0,"Drama, Thriller, Crime, Romance",101.0,United States,,Serbia, Serbia,44.016521,21.005859,,Hungary, Hungary,47.162494,19.503304,,, ,,,,, ,,,,, ,,,https://image.tmdb.org/t/p/w500/iJSTzDyF2BKB9mcor7slIOOXSBD.jpg
Penelope,2007.0,"Fantasy, Comedy, Romance",104.0,United States,London,United Kingdom,London United Kingdom,51.5072178,-0.1275862,,, ,,,,, ,,,,, ,,,,, ,,,https://image.tmdb.org/t/p/w500/stsGbgMhDo3VjLLsrbeiz0fuj8d.jpg
Pride and Prejudice and Zombies,2016.0,"Romance, Horror, Comedy, Thriller",108.0,United States,England,United Kingdom,England United Kingdom,52.83816401,-2.327480844,,, ,,,,, ,,,,, ,,,,, ,,,https://image.tmdb.org/t/p/w500/jsJlOhVHiz1xXr36616EI8tJ4b2.jpg
Third Person,2014.0,"Drama, Romance",137.0,United States,Rome,Italy,Rome Italy,41.8967068,12.4822025,Paris,France,Paris France,48.8575475,2.3513765,,, ,,,,, ,,,,, ,,,https://image.tmdb.org/t/p/w500/8HfxGEbQnPvIzaYAHMvu947r8sQ.jpg
The Aftermath,2019.0,"War, Drama, Romance",108.0,United States,Hamburg,Germany,Hamburg Germany,53.5488282,9.9871703,Liverpool,United Kingdom,Liverpool United Kingdom,53.4083714,-2.9915726,,, ,,,,, ,,,,, ,,,https://image.tmdb.org/t/p/w500/ofUC6lsZ8it9yEfrJJx50ihURRu.jpg
Alfie,2004.0,"Comedy, Drama, Romance",106.0,United States,London,United Kingdom,London United Kingdom,51.5072178,-0.1275862,,, ,,,,, ,,,,, ,,,,, ,,,https://image.tmdb.org/t/p/w500/jXJdaGy07JqYFHGsG2GKZBjTa2k.jpg
Casanova,2005.0,"Adventure, Comedy, Drama, Romance",112.0,United States,Venice,Italy,Venice Italy,45.440379,12.3159547,,, ,,,,, ,,,,, ,,,,, ,,,https://image.tmdb.org/t/p/w500/pp237jqOnlLojQfvCgJHv5yZofL.jpg
Tulip Fever,2017.0,"Drama, Romance",107.0,United States,London,United Kingdom,London United Kingdom,51.5072178,-0.1275862,Suffolk,United Kingdom,Suffolk United Kingdom,52.271377,1.0721487,,, ,,,,, ,,,,, ,,,https://image.tmdb.org/t/p/w500/aGBRTDMuYDKCA9g7NTGwtMZBWd.jpg
Becoming Jane,2007.0,"Romance, Drama",120.0,United States,,Ireland, Ireland,53.7797554,-7.3055309,London,United Kingdom,London United Kingdom,51.5072178,-0.1275862,,, ,,,,, ,,,,, ,,,https://image.tmdb.org/t/p/w500/9v2hp5qrhx8JpodGPVYfRrSAxuv.jpg
The Wedding Date,2005.0,"Romance, Comedy",88.0,United States,London,United Kingdom,London United Kingdom,51.5072178,-0.1275862,,, ,,,,, ,,,,, ,,,,, ,,,https://image.tmdb.org/t/p/w500/t0AEzycJ6V8dLVlSudCUAA9mzgn.jpg
Tolkien,2019.0,"War, Drama, Romance",112.0,United States,Liverpool,United Kingdom,Liverpool United Kingdom,53.4083714,-2.9915726,Manchester,United Kingdom,Manchester United Kingdom,53.4807593,-2.2426305,,, ,,,,, ,,,,, ,,,https://image.tmdb.org/t/p/w500/A7eYO3t7oZQdfJj5KlJBI7GhT9H.jpg
Finding You,2021.0,"Romance, Drama",119.0,United States,,Ireland, Ireland,53.7797554,-7.3055309,,, ,,,,, ,,,,, ,,,,, ,,,https://image.tmdb.org/t/p/w500/nRR9d7g83shu1Cd4GhoIKloqmQR.jpg
To All the Boys: Always and Forever,2021.0,"Romance, Comedy, Drama",114.0,United States,Vancouver,Canada,Vancouver Canada,49.2827291,-123.1207375,,, ,,,,, ,,,,, ,,,,, ,,,https://image.tmdb.org/t/p/w500/iepqdM52f4w75fNcvgRF5QoIAjm.jpg
Letters to Juliet,2010.0,"Comedy, Drama, Romance",105.0,United States,Verona,Italy,Verona Italy,45.4383659,10.9917136,Tuscany,Italy,Tuscany Italy,43.5671153,10.9807003,,, ,,,,, ,,,,, ,,,https://image.tmdb.org/t/p/w500/y9DdvY1IRNS2hWLq161hmP2gXn.jpg
Magic Mike's Last Dance,2023.0,"Comedy, Drama, Romance",112.0,United States,London,United Kingdom,London United Kingdom,51.5072178,-0.1275862,,, ,,,,, ,,,,, ,,,,, ,,,https://image.tmdb.org/t/p/w500/9a9pyJZRhUWUSBT8BQqWihtqbI8.jpg
Ironclad,2011.0,"Romance, Adventure, Action, History",121.0,United States,Wales,United Kingdom,Wales United Kingdom,52.1306607,-3.7837117,,, ,,,,, ,,,,, ,,,,, ,,,https://image.tmdb.org/t/p/w500/h7CP12wAThhw2WSOA1uIAqxg1fS.jpg
Julie & Julia,2009.0,"Romance, Drama",123.0,United States,Paris,France,Paris France,48.8575475,2.3513765,,, ,,,,, ,,,,, ,,,,, ,,,https://image.tmdb.org/t/p/w500/1QZNWOOwfRi86ZApGvr2TtJZPBK.jpg
When in Rome,2010.0,"Comedy, Fantasy, Romance",91.0,United States,Rome,Italy,Rome Italy,41.8967068,12.4822025,,, ,,,,, ,,,,, ,,,,, ,,,https://image.tmdb.org/t/p/w500/pteIGpJpgh2aUh3jMqZnomB1rw1.jpg
Love at First Sight,2023.0,"Romance, Drama",91.0,United States,London,United Kingdom,London United Kingdom,51.5072178,-0.1275862,,, ,,,,, ,,,,, ,,,,, ,,,https://image.tmdb.org/t/p/w500/vCMGlarDrcmhclBmnYoH7JUCDuA.jpg
A Little Chaos,2015.0,"Drama, Romance",117.0,United States,London,United Kingdom,London United Kingdom,51.5072178,-0.1275862,,, ,,,,, ,,,,, ,,,,, ,,,https://image.tmdb.org/t/p/w500/xFtSpvgTqQJC2IMaoKd7WsLPknN.jpg
Monte Carlo,2011.0,"Adventure, Comedy, Romance",109.0,United States,Monte Carlo,Monaco,Monte Carlo Monaco,43.7400718,7.4266436,Paris,France,Paris France,48.8575475,2.3513765,,, ,,,,, ,,,,, ,,,https://image.tmdb.org/t/p/w500/dcbqyycrWA56HXq5lm41HYuED8Y.jpg
Run Fatboy Run,2007.0,"Comedy, Romance",100.0,United States,London,United Kingdom,London United Kingdom,51.5072178,-0.1275862,,, ,,,,, ,,,,, ,,,,, ,,,https://image.tmdb.org/t/p/w500/2MZNPXJquIG8OcwajiR8YkCr7ak.jpg
Eros,2004.0,"Drama, Romance",109.0,United States,,Hong Kong, Hong Kong,22.3193039,114.1693611,,Italy, Italy,41.87194,12.56738,,, ,,,,, ,,,,, ,,,https://image.tmdb.org/t/p/w500/bz8pWVNsbg1MMKCgp2VX6wFOXJX.jpg
The Aeronauts,2019.0,"Adventure, Drama, Romance",100.0,United States,London,United Kingdom,London United Kingdom,51.5072178,-0.1275862,,, ,,,,, ,,,,, ,,,,, ,,,https://image.tmdb.org/t/p/w500/kZHnblqmTBUBgzYBIxWIz9txsEi.jpg
Irish Wish,2024.0,"Romance, Comedy, Fantasy",94.0,United States,County Mayo,Ireland,County Mayo Ireland,54.0152604,-9.4289369,,, ,,,,, ,,,,, ,,,,, ,,,https://image.tmdb.org/t/p/w500/v4Bb70dpIIQoEnZAHnm3nzCPauU.jpg
The Princess Switch,2018.0,"Romance, Comedy",101.0,United States,Edinburgh,United Kingdom,Edinburgh United Kingdom,55.953252,-3.188267,Zagreb,Croatia,Zagreb Croatia,45.8150108,15.981919,,, ,,,,, ,,,,, ,,,https://image.tmdb.org/t/p/w500/A8XgZE8CsHiYN243MEd07GLCep.jpg
Flyboys,2006.0,"Action, Adventure, Drama, History, Romance, War",138.0,United States,England,United Kingdom,England United Kingdom,52.83816401,-2.327480844,,France, France,46.227638,2.213749,,, ,,,,, ,,,,, ,,,https://image.tmdb.org/t/p/w500/xezeqrrno6ytLyLrbTXRGUk4rdu.jpg
Made of Honor,2008.0,"Comedy, Romance",101.0,United States,Scotland,United Kingdom,Scotland United Kingdom,57.74701277,-4.687305781,London,United Kingdom,London United Kingdom,51.5072178,-0.1275862,,, ,,,,, ,,,,, ,,,https://image.tmdb.org/t/p/w500/pDg8D0jNqmz7RbCBgblWvmPswHE.jpg
Persuasion,2022.0,"Romance, Drama, Comedy",108.0,United States,Bath,United Kingdom,Bath United Kingdom,51.3781018,-2.3596827,Somerset,United Kingdom,Somerset United Kingdom,51.0634565,-2.7546704,,, ,,,,, ,,,,, ,,,https://image.tmdb.org/t/p/w500/s99WrKSEVR4RVvwm5Zn2cqrHTMM.jpg
Tristan & Isolde,2006.0,"Drama, Romance",125.0,United States,,Czech Republic, Czech Republic,49.817492,15.472962,,Ireland, Ireland,53.7797554,-7.3055309,,, ,,,,, ,,,,, ,,,https://image.tmdb.org/t/p/w500/r7TpY5hJ4jQGH7c8yzJgBnTwPH6.jpg
Captain Corelli's Mandolin,2001.0,"Drama, Romance, War",131.0,United States,Kefalonia,Greece,Kefalonia Greece,38.1731674,20.4899695,England,United Kingdom,England United Kingdom,52.83816401,-2.327480844,,, ,,,,, ,,,,, ,,,https://image.tmdb.org/t/p/w500/9YahF8HFypIKFTvOTiYzObA0hom.jpg
An Education,2009.0,"Drama, Romance",100.0,United States,London,United Kingdom,London United Kingdom,51.5072178,-0.1275862,Oxfordshire,United Kingdom,Oxfordshire United Kingdom,51.7612056,-1.2464674,,, ,,,,, ,,,,, ,,,https://image.tmdb.org/t/p/w500/gLIvvUdlocGjm8XVLxhWHAKWrRq.jpg
The Secret Scripture,2017.0,"Drama, Romance",108.0,United States,,Ireland, Ireland,53.7797554,-7.3055309,,, ,,,,, ,,,,, ,,,,, ,,,https://image.tmdb.org/t/p/w500/iVoZqwvGAwxvGVbYV5y04wpiBob.jpg
The Sisterhood of the Traveling Pants,2005.0,"Drama, Comedy, Romance",119.0,United States,,Greece, Greece,39.074208,21.824312,,, ,,,,, ,,,,, ,,,,, ,,,https://image.tmdb.org/t/p/w500/wNshlUT6IZEz2AF3iZrlb2mX0pR.jpg
Across the Universe,2007.0,"Drama, Romance, Fantasy",133.0,United States,Liverpool,United Kingdom,Liverpool United Kingdom,53.4083714,-2.9915726,London,United Kingdom,London United Kingdom,51.5072178,-0.1275862,,, ,,,,, ,,,,, ,,,https://image.tmdb.org/t/p/w500/447c8Te3DXC46rQvDEixKGO4dS6.jpg
Starter for 10,2006.0,"Drama, Comedy, Romance",96.0,United States,Bristol,United Kingdom,Bristol United Kingdom,51.454513,-2.58791,England,United Kingdom,England United Kingdom,52.83816401,-2.327480844,,, ,,,,, ,,,,, ,,,https://image.tmdb.org/t/p/w500/m0NU3kgn87iNffUUDeItUXZKUKl.jpg
It's a Boy Girl Thing,2006.0,"Comedy, Fantasy, Romance",95.0,United States,,Canada, Canada,56.130366,-106.346771,England,United Kingdom,England United Kingdom,52.83816401,-2.327480844,,, ,,,,, ,,,,, ,,,https://image.tmdb.org/t/p/w500/uA4ZJdlILmIGSqBjfM4mkWvtcTt.jpg
Before Midnight,2013.0,"Romance, Drama",109.0,United States,Messenia,Greece,Messenia Greece,37.1424653,21.9522491,Peloponnese,Greece,Peloponnese Greece,37.5079472,22.37349,,, ,,,,, ,,,,, ,,,https://image.tmdb.org/t/p/w500/qbGKJmNUroDz75kh5Oafoall89e.jpg
Fever Pitch,2005.0,"Romance, Comedy",104.0,United States,London,United Kingdom,London United Kingdom,51.5072178,-0.1275862,,, ,,,,, ,,,,, ,,,,, ,,,https://image.tmdb.org/t/p/w500/xwJBEOM5BVElAgQIA82KBLX10fu.jpg
Chasing Liberty,2004.0,"Comedy, Romance",111.0,United States,Prague,Czech Republic,Prague Czech Republic,50.0755381,14.4378005,Venice,Italy,Venice Italy,45.440379,12.3159547,,, ,,,,, ,,,,, ,,,https://image.tmdb.org/t/p/w500/aGh5zpJSuxcx4lzFFbZ2QyY8wQP.jpg
Romeo & Juliet,2013.0,"Romance, Drama",118.0,United States,Verona,Italy,Verona Italy,45.4383659,10.9917136,,, ,,,,, ,,,,, ,,,,, ,,,https://image.tmdb.org/t/p/w500/9FZ3wTjY9rUvIoobJFv8ozoTwTT.jpg
Rugrats in Paris: The Movie,2000.0,"Adventure, Animation, Comedy, Family, Romance",79.0,United States,Paris,France,Paris France,48.8575475,2.3513765,,, ,,,,, ,,,,, ,,,,, ,,,https://image.tmdb.org/t/p/w500/grIL8mvfLznaWsv7EEEPhCpkH81.jpg
Enigma,2001.0,"Mystery, Drama, Thriller, Romance, War",119.0,United States,London,United Kingdom,London United Kingdom,51.5072178,-0.1275862,Norfolk,United Kingdom,Norfolk United Kingdom,52.6139686,0.8864021,,, ,,,,, ,,,,, ,,,https://image.tmdb.org/t/p/w500/7gBFkDYBqvSzrPOWlpGTXRp97NQ.jpg
Nine,2009.0,"Drama, Music, Romance",118.0,United States,,Italy, Italy,41.87194,12.56738,London,United Kingdom,London United Kingdom,51.5072178,-0.1275862,,, ,,,,, ,,,,, ,,,https://image.tmdb.org/t/p/w500/3uqXGOH4BQ2CLJWkDJZ0PzbUzOn.jpg
Hemingway & Gellhorn,2012.0,"Drama, Romance",155.0,United States,Venice,Italy,Venice Italy,45.440379,12.3159547,Rome,Italy,Rome Italy,41.8967068,12.4822025,,, ,,,,, ,,,,, ,,,https://image.tmdb.org/t/p/w500/b3fdkG3S8z6ibGOIVZYWvQlZPl0.jpg
The Young Victoria,2009.0,"Drama, History, Romance",105.0,United States,England,United Kingdom,England United Kingdom,52.83816401,-2.327480844,,, ,,,,, ,,,,, ,,,,, ,,,https://image.tmdb.org/t/p/w500/iGyuReyij3bPCtzJdSjTR8PR0pa.jpg
Paris Je T'aime,2006.0,"Drama, Romance",120.0,United States,Paris,France,Paris France,48.8575475,2.3513765,,, ,,,,, ,,,,, ,,,,, ,,,https://image.tmdb.org/t/p/w500/mcke8Uvw8QDToAZQ94UGo7VU0g6.jpg
Miss Potter,2006.0,"Drama, Family, Romance",92.0,United States,Keswick,United Kingdom,Keswick United Kingdom,54.601276,-3.134706,Cumbria,United Kingdom,Cumbria United Kingdom,54.5772323,-2.7974835,,, ,,,,, ,,,,, ,,,https://image.tmdb.org/t/p/w500/fecGKwGABfZdMbiH1WQN9zMcOkS.jpg
Far from the Madding Crowd,2015.0,"Drama, Romance",119.0,United States,Dorset,United Kingdom,Dorset United Kingdom,50.7390661,-2.3382346,Somerset,United Kingdom,Somerset United Kingdom,51.0634565,-2.7546704,,, ,,,,, ,,,,, ,,,https://image.tmdb.org/t/p/w500/cr4cctBPv9qHDtjDps4wi0kqI7h.jpg
The Exception,2017.0,"War, Drama, Romance",107.0,United States,Antwerp,Belgium,Antwerp Belgium,51.2199302,4.4149903,,United Kingdom, United Kingdom,55.378051,-3.435973,,, ,,,,, ,,,,, ,,,https://image.tmdb.org/t/p/w500/vwGzAuzkpw1YXcdqloxK1p71zxL.jpg
Life Itself,2018.0,"Drama, Romance",118.0,United States,Seville,Spain,Seville Spain,37.3890924,-5.9844589,,, ,,,,, ,,,,, ,,,,, ,,,https://image.tmdb.org/t/p/w500/pE2hxC8bPbIi9tGyhFg5xiFW6dA.jpg
Empire of Light,2022.0,"Drama, Romance",115.0,United States,Margate,United Kingdom,Margate United Kingdom,51.389646,1.3868339,,, ,,,,, ,,,,, ,,,,, ,,,https://image.tmdb.org/t/p/w500/h84SnIQF91Gz2Fv1OpMJ3245t4i.jpg
I Give It a Year,2013.0,"Comedy, Romance",97.0,United States,London,United Kingdom,London United Kingdom,51.5072178,-0.1275862,,, ,,,,, ,,,,, ,,,,, ,,,https://image.tmdb.org/t/p/w500/hCSqxrM5Sw6AhDIRfxQ4BenPd9y.jpg
By the Sea,2015.0,"Drama, Romance",122.0,United States,,Malta, Malta,35.937496,14.375416,,, ,,,,, ,,,,, ,,,,, ,,,https://image.tmdb.org/t/p/w500/oEyeG4UyAQvYIJiFpUV57Q3PTDp.jpg
My Big Fat Greek Wedding 3,2023.0,"Comedy, Romance",92.0,United States,Athens,Greece,Athens Greece,37.9838096,23.7275388,,, ,,,,, ,,,,, ,,,,, ,,,https://image.tmdb.org/t/p/w500/8yO8okCs9iohJ0iDVls6QYfu6l6.jpg
My Week with Marilyn,2011.0,"Drama, Romance",99.0,United States,England,United Kingdom,England United Kingdom,52.83816401,-2.327480844,,, ,,,,, ,,,,, ,,,,, ,,,https://image.tmdb.org/t/p/w500/5naqXRY1Zug5cyJJbO9H4DOg28q.jpg
The Guernsey Literary & Potato Peel Pie Society,2018.0,"Romance, Drama, History",124.0,United States,,Guernsey, Guernsey,49.4481982,-2.58949,,, ,,,,, ,,,,, ,,,,, ,,,https://image.tmdb.org/t/p/w500/55oz5d6NdH7ohbM1I1Euh1Tt6PN.jpg
Agent Cody Banks 2: Destination London,2004.0,"Comedy, Action, Adventure, Family, Romance",100.0,United States,London,United Kingdom,London United Kingdom,51.5072178,-0.1275862,,, ,,,,, ,,,,, ,,,,, ,,,https://image.tmdb.org/t/p/w500/zlAltvp84rYVTYs3kdemqHBaiat.jpg
My Life in Ruins,2009.0,"Comedy, Romance",95.0,United States,,Greece, Greece,39.074208,21.824312,,, ,,,,, ,,,,, ,,,,, ,,,https://image.tmdb.org/t/p/w500/f695mVyU0LyBb99rx7zkrtFcpxR.jpg
Vanity Fair,2004.0,"Drama, Romance",141.0,United States,,India, India,20.593684,78.96288,England,United Kingdom,England United Kingdom,52.83816401,-2.327480844,,, ,,,,, ,,,,, ,,,https://image.tmdb.org/t/p/w500/6GCjrrd1XIl8VSwjKo8c94LTwtd.jpg
Beyond the Lights,2014.0,"Romance, Drama",116.0,United States,London,United Kingdom,London United Kingdom,51.5072178,-0.1275862,,, ,,,,, ,,,,, ,,,,, ,,,https://image.tmdb.org/t/p/w500/5Di9UXTa2bDec68WOFcZzgB1ot3.jpg
Blithe Spirit,2020.0,"Comedy, Fantasy, Romance",99.0,United States,Herefordshire,United Kingdom,Herefordshire United Kingdom,52.0765164,-2.6544182,,, ,,,,, ,,,,, ,,,,, ,,,https://image.tmdb.org/t/p/w500/phX4R5hjaavV2w1EcMXCtL5uDP.jpg
How to Lose Friends & Alienate People,2008.0,"Comedy, Romance, Drama",110.0,United States,London,United Kingdom,London United Kingdom,51.5072178,-0.1275862,,, ,,,,, ,,,,, ,,,,, ,,,https://image.tmdb.org/t/p/w500/8Xd1mO861aK2OirTbxZrODNhihW.jpg
Heaven,2002.0,"Drama, Thriller, Romance, Crime",96.0,United States,Paris,France,Paris France,48.8575475,2.3513765,,, ,,,,, ,,,,, ,,,,, ,,,https://image.tmdb.org/t/p/w500/xPdtOuGtcQt655uRrmIdBkSRmVx.jpg
Le Divorce,2003.0,"Drama, Romance, Comedy",117.0,United States,Paris,France,Paris France,48.8575475,2.3513765,,, ,,,,, ,,,,, ,,,,, ,,,https://image.tmdb.org/t/p/w500/ucBJrWKCJ1naTylSFN8jpaEqwwe.jpg
Dot the I,2003.0,"Comedy, Drama, Romance, Thriller",92.0,United States,London,United Kingdom,London United Kingdom,51.5072178,-0.1275862,,, ,,,,, ,,,,, ,,,,, ,,,https://image.tmdb.org/t/p/w500/2Gq1e0OC7r6L4V5dJaLgANk09xl.jpg
Laws of Attraction,2004.0,"Comedy, Romance",90.0,United States,,Ireland, Ireland,53.7797554,-7.3055309,,Italy, Italy,41.87194,12.56738,,, ,,,,, ,,,,, ,,,https://image.tmdb.org/t/p/w500/6aqR0xwmK0mPOIVShDlT88Vo5W0.jpg
The Royal Treatment,2022.0,"Romance, Comedy",96.0,United States,,New Zealand, New Zealand,-40.900557,174.885971,,, ,,,,, ,,,,, ,,,,, ,,,https://image.tmdb.org/t/p/w500/mYAv0YUoXJzLxIdEirOken8Quwf.jpg
The Good German,2006.0,"Drama, Mystery, Romance, Thriller, War",108.0,United States,Berlin,Germany,Berlin Germany,52.5200066,13.404954,,, ,,,,, ,,,,, ,,,,, ,,,https://image.tmdb.org/t/p/w500/3LjHC2CWDkzoiPehf3GViujws0.jpg
Mother of the Bride,2024.0,"Romance, Comedy",90.0,United States,Phuket,Thailand,Phuket Thailand,7.9843109,98.3307468,,, ,,,,, ,,,,, ,,,,, ,,,https://image.tmdb.org/t/p/w500/vdTvwykMWvVgdaViBVRh8IFTku5.jpg
Wuthering Heights,2003.0,"Romance, Drama, TV Movie",88.0,United States,Yorkshire,United Kingdom,Yorkshire United Kingdom,53.9590858,-1.0792403,,, ,,,,, ,,,,, ,,,,, ,,,https://image.tmdb.org/t/p/w500/lV8zMPqaK8Qg39zKLzfvnYkiBiC.jpg
People We Meet on Vacation,2026.0,"Romance, Drama,",118.0,United States,Barcelona ,Spain,Barcelona  Spain,41.3874374,2.1686496,,, ,,,,, ,,,,, ,,,,, ,,,https://image.tmdb.org/t/p/w500/peG6482ALJQ9Tbvv2P38BquVk0f.jpg
,,,,,,,,,,,, ,,,,, ,,,,, ,,,,, ,,,
,,,,,,,,,,,, ,,,,, ,,,,, ,,,,, ,,,
,,,,,,,,,,,, ,,,,, ,,,,, ,,,,, ,,,
,,,,,,,,,,,, ,,,,, ,,,,, ,,,,, ,,,
,,,,,,,,,,,, ,,,,, ,,,,, ,,,,, ,,,
,,,,,,,,,,,, ,,,,, ,,,,, ,,,,, ,,,
,,,,,,,,,,,, ,,,,, ,,,,, ,,,,, ,,,
